id,title,season
21877,High Score Girl,Summer 2018
25777,Shingeki no Kyojin Season 2,Spring 2017
27833,Durarara!!x2 Ketsu,Winter 2016
28013,Macross Δ,Spring 2016
28391,Ao no Kanata no Four Rhythm,Winter 2016
28623,Koutetsujou no Kabaneri,Spring 2016
28735,Shouwa Genroku Rakugo Shinjuu,Winter 2016
28833,Chain Chronicle: Haecceitas no Hikari,Winter 2017
29758,Taboo Tattoo,Summer 2016
30015,ReLIFE,Summer 2016
30016,Nanbaka,Fall 2016
30484,Steins;Gate 0,Spring 2018
30485,ChäoS;Child,Winter 2017
30652,Long Riders!,Fall 2016
30654,Ansatsu Kyoushitsu 2nd Season,Winter 2016
30727,Saenai Heroine no Sodatekata ♭,Spring 2017
30736,Shingeki no Bahamut: Virgin Soul,Spring 2017
30749,Saijaku Muhai no Bahamut,Winter 2016
30795,Bakuon!!,Spring 2016
30806,Schwarzesmarken,Winter 2016
30831,Kono Subarashii Sekai ni Shukufuku wo!,Winter 2016
30895,HaruChika: Haruta to Chika wa Seishun suru,Winter 2016
30911,Tales of Zestiria the Cross,Summer 2016
31043,Boku dake ga Inai Machi,Winter 2016
31049,Beyblade Burst,Spring 2016
31080,Anne Happy♪,Spring 2016
31098,Ushio to Tora (TV) 2nd Season,Spring 2016
31109,Hatsukoi Monster,Summer 2016
31157,ClassicaLoid,Fall 2016
31163,Dimension W,Winter 2016
31173,Akagami no Shirayuki-hime 2nd Season,Winter 2016
31178,Uta no☆Prince-sama♪ Maji Love Legend Star,Fall 2016
31223,Phantasy Star Online 2 The Animation,Winter 2016
31229,Servamp,Summer 2016
31240,Re:Zero kara Hajimeru Isekai Seikatsu,Spring 2016
31338,Hundred,Spring 2016
31339,Drifters,Fall 2016
31370,Tonkatsu DJ Agetarou,Spring 2016
31376,Flying Witch,Spring 2016
31404,Netoge no Yome wa Onnanoko ja Nai to Omotta?,Spring 2016
31405,Joker Game,Spring 2016
31414,Nijiiro Days,Winter 2016
31417,Binan Koukou Chikyuu Boueibu LOVE! LOVE!,Summer 2016
31422,Minami Kamakura Koukou Joshi Jitenshabu,Winter 2017
31430,Terra Formars: Revenge,Spring 2016
31433,Ginga Eiyuu Densetsu: Die Neue These - Kaikou,Spring 2018
31439,Wagamama High Spec,Spring 2016
31442,Musaigen no Phantom World,Winter 2016
31452,Norn9: Norn+Nonet,Winter 2016
31456,Code:Realize - Sousei no Himegimi,Fall 2017
31478,Bungou Stray Dogs,Spring 2016
31498,Pan de Peace!,Spring 2016
31500,High School Fleet,Spring 2016
31537,Manaria Friends,Winter 2019
31540,Sekkou Boys,Winter 2016
31559,Prince of Stride: Alternative,Winter 2016
31564,Sansha Sanyou,Spring 2016
31580,Ajin,Winter 2016
31588,All Out!!,Fall 2016
31610,Kyoukai no Rinne (TV) 2nd Season,Spring 2016
31621,Ooyasan wa Shishunki!,Winter 2016
31629,Granblue Fantasy The Animation,Spring 2017
31630,"Gyakuten Saiban: Sono ""Shinjitsu"", Igi Ari!",Spring 2016
31631,Monster Hunter Stories: Ride On,Fall 2016
31633,Sushi Police,Winter 2016
31636,Dagashi Kashi,Winter 2016
31637,"Gate: Jieitai Kanochi nite, Kaku Tatakaeri 2nd Season",Winter 2016
31646,3-gatsu no Lion,Fall 2016
31670,Kaitou Joker 3rd Season,Spring 2016
31680,Super Lovers,Spring 2016
31706,Fate/kaleid liner Prisma☆Illya 3rei!!,Summer 2016
31710,Divine Gate,Winter 2016
31716,Rewrite,Summer 2016
31722,Nanatsu no Taizai: Seisen no Shirushi,Summer 2016
31733,Bishoujo Senshi Sailor Moon Crystal Season III,Spring 2016
31737,Gakusen Toshi Asterisk 2nd Season,Spring 2016
31741,Magi: Sinbad no Bouken (TV),Spring 2016
31764,Nejimaki Seirei Senki: Tenkyou no Alderamin,Summer 2016
31771,Amanchu!,Summer 2016
31783,Yowamushi Pedal: New Generation,Winter 2017
31790,Active Raid: Kidou Kyoushuushitsu Dai Hachi Gakari,Winter 2016
31793,Mahou Shoujo Nante Mou Ii Desukara.,Winter 2016
31798,Kiznaiver,Spring 2016
31804,Kuma Miko,Spring 2016
31815,"Kono Danshi, Mahou ga Oshigoto Desu.",Winter 2016
31821,Arslan Senki (TV): Fuujin Ranbu,Summer 2016
31845,Masou Gakuen HxH,Summer 2016
31848,Ojisan to Marshmallow,Winter 2016
31859,Hai to Gensou no Grimgar,Winter 2016
31884,Mahoutsukai Precure!,Winter 2016
31890,Nurse Witch Komugi-chan R,Winter 2016
31904,Big Order (TV),Spring 2016
31914,Shoujo-tachi wa Kouya wo Mezasu,Winter 2016
31931,Full Metal Panic! Invisible Victory,Spring 2018
31933,JoJo no Kimyou na Bouken Part 4: Diamond wa Kudakenai,Spring 2016
31952,Kono Bijutsubu ni wa Mondai ga Aru!,Summer 2016
31953,New Game!,Summer 2016
31964,Boku no Hero Academia,Spring 2016
31988,Hibike! Euphonium 2,Fall 2016
31994,Yami Shibai 3,Winter 2016
32011,Hakuouki: Otogisoushi,Spring 2016
32023,Bubuki Buranki,Winter 2016
32032,Seikaisuru Kado,Spring 2017
32038,Show By Rock!! #,Fall 2016
32039,Show By Rock!! Short!!,Summer 2016
32083,Luck & Logic,Winter 2016
32084,"Watashitachi, Luck Logic-bu!",Winter 2016
32093,Tanaka-kun wa Itsumo Kedaruge,Spring 2016
32094,Reikenzan: Hoshikuzu-tachi no Utage,Winter 2016
32105,Sousei no Onmyouji,Spring 2016
32171,Ange Vierge,Summer 2016
32175,Shounen Maid,Spring 2016
32182,Mob Psycho 100,Summer 2016
32189,Danganronpa 3: The End of Kibougamine Gakuen - Mirai-hen,Summer 2016
32212,Ensemble Stars!,Summer 2019
32214,Koukaku no Pandora,Winter 2016
32228,Teekyuu 7,Winter 2016
32245,Kuromukuro,Spring 2016
32262,Renai Boukun,Spring 2017
32271,Dies Irae,Fall 2017
32274,Ketsuekigata-kun! 4,Winter 2016
32282,Shokugeki no Souma: Ni no Sara,Summer 2016
32301,Active Raid: Kidou Kyoushuushitsu Dai Hachi Gakari 2nd,Summer 2016
32309,Tabi Machi Late Show,Winter 2016
32313,Concrete Revolutio: Choujin Gensou - The Last Song,Spring 2016
32353,Bonobono (TV 2016),Spring 2016
32360,Qualidea Code,Summer 2016
32370,D.Gray-man Hallow,Summer 2016
32379,Berserk,Summer 2016
32400,KochinPa!,Winter 2016
32402,Mim Mam Mint,Winter 2016
32407,Clockwork Planet,Spring 2017
32438,Mayoiga,Spring 2016
32447,Nora to Oujo to Noraneko Heart,Summer 2017
32454,Usakame,Spring 2016
32483,Cheer Danshi!!,Summer 2016
32491,Kanojo to Kanojo no Neko: Everything Flows,Winter 2016
32494,Days (TV),Summer 2016
32526,Love Live! Sunshine!!,Summer 2016
32542,Sakamoto Desu ga?,Spring 2016
32555,Stella no Mahou,Fall 2016
32568,Kamiwaza Wanda,Spring 2016
32571,Shounen Ashibe: Go! Go! Goma-chan,Spring 2016
32572,Neko Neko Nihonshi,Spring 2016
32582,Duel Masters VSRF,Spring 2016
32585,Telemonster,Winter 2016
32595,Seisen Cerberus: Ryuukoku no Fatalités,Spring 2016
32596,The Snack World (TV),Spring 2017
32601,12-sai.: Chicchana Mune no Tokimeki,Spring 2016
32603,Okusama ga Seitokaichou!+!,Fall 2016
32606,Onigiri,Spring 2016
32607,Gi(a)rlish Number,Fall 2016
32608,Endride,Spring 2016
32615,Youjo Senki,Winter 2017
32648,Handa-kun,Summer 2016
32663,Tama & Friends: Uchi no Tama Shirimasen ka?,Fall 2016
32664,Bananya,Summer 2016
32670,Battle Spirits: Double Drive,Spring 2016
32673,Udon no Kuni no Kiniro Kemari,Fall 2016
32681,Uchuu Patrol Luluco,Spring 2016
32682,Kagewani: Shou,Spring 2016
32686,Keijo!!!!!!!!,Fall 2016
32691,Flowering Heart,Winter 2016
32696,Fukigen na Mononokean,Summer 2016
32697,Ozmafia!!,Summer 2016
32717,Aikatsu Stars!,Spring 2016
32729,Orange,Summer 2016
32772,Puzzle & Dragons Cross,Summer 2016
32785,Future Card Buddyfight Triple D,Spring 2016
32792,Mobile Suit Gundam Unicorn RE:0096,Spring 2016
32802,Cardfight!! Vanguard G: Stride Gate-hen,Spring 2016
32805,Nyanbo!,Fall 2016
32828,Amaama to Inazuma,Summer 2016
32829,Nobunaga no Shinobi,Fall 2016
32830,Chou Shounen Tanteidan Neo,Winter 2017
32836,Senki Zesshou Symphogear AXZ,Summer 2017
32843,Senki Zesshou Symphogear XV,Summer 2019
32866,Brave Witches,Fall 2016
32867,Bungou Stray Dogs 2nd Season,Fall 2016
32876,Nameko: Sekai no Tomodachi,Spring 2016
32878,ēlDLIVE,Winter 2017
32881,Tiger Mask W,Fall 2016
32887,Dungeon ni Deai wo Motomeru no wa Machigatteiru Darou ka Gaiden: Sword Oratoria,Spring 2017
32899,Watashi ga Motete Dousunda,Fall 2016
32901,Eromanga-sensei,Spring 2017
32906,Bishoujo Yuugi Unit Crane Game Girls,Spring 2016
32924,Urara Meirochou,Winter 2017
32935,Haikyuu!!: Karasuno Koukou vs. Shiratorizawa Gakuen Koukou,Fall 2016
32936,Gin no Guardian,Spring 2017
32937,Kono Subarashii Sekai ni Shukufuku wo! 2,Winter 2017
32944,CoCO & NiCO,Spring 2016
32947,Battery,Summer 2016
32948,Fune wo Amu,Fall 2016
32949,Kuzu no Honkai,Winter 2017
32951,Rokudenashi Majutsu Koushi to Akashic Records,Spring 2017
32956,Aware! Meisaku-kun,Spring 2016
32961,Regalia: The Three Sacred Stars,Summer 2016
32962,Occultic;Nine,Fall 2016
32977,Aggressive Retsuko,Spring 2016
32979,Flip Flappers,Fall 2016
32981,Hand Shakers,Winter 2017
32983,Natsume Yuujinchou Go,Fall 2016
32995,Yuri!!! on Ice,Fall 2016
32998,91 Days,Summer 2016
32999,"Neko mo, Onda-ke",Spring 2016
33002,Panpaka Pants W-O-New!,Spring 2016
33003,Mahou Shoujo Ikusei Keikaku,Fall 2016
33012,Island,Summer 2018
33018,Katsugeki/Touken Ranbu,Summer 2017
33019,Reikenzan: Eichi e no Shikaku,Winter 2017
33021,Ragnastrike Angels,Spring 2016
33023,Touken Ranbu: Hanamaru,Fall 2016
33026,Time Bokan 24,Fall 2016
33027,Infini-T Force,Fall 2017
33028,Danganronpa 3: The End of Kibougamine Gakuen - Zetsubou-hen,Summer 2016
33031,Shakunetsu no Takkyuu Musume,Fall 2016
33037,Tsukiuta. The Animation,Summer 2016
33041,Bubuki Buranki: Hoshi no Kyojin,Fall 2016
33044,Asa Da yo! Kaishain,Spring 2016
33047,Fate/Extra: Last Encore,Winter 2018
33051,Mobile Suit Gundam: Iron-Blooded Orphans 2nd Season,Fall 2016
33089,Kemono Friends,Winter 2017
33094,WWW.Working!!,Fall 2016
33095,Shouwa Genroku Rakugo Shinjuu: Sukeroku Futatabi-hen,Winter 2017
33113,Scared Rider Xechs,Summer 2016
33184,Battle Girl High School,Summer 2017
33188,Sore Ike! Sabuibo Mask,Spring 2016
33197,Lostorage Incited WIXOSS,Fall 2016
33203,Fukumenkei Noise,Spring 2017
33206,Kobayashi-san Chi no Maid Dragon,Winter 2017
33222,Fudanshi Koukou Seikatsu,Summer 2016
33240,Koneko no Chi: Ponponra Daibouken,Fall 2016
33244,Kiitarou Shounen no Youkai Enikki,Fall 2016
33253,Ajin 2nd Season,Fall 2016
33255,Saiki Kusuo no Ψ-nan,Summer 2016
33274,Onara Gorou,Summer 2016
33290,Gra-P & Rodeo II,Summer 2016
33299,Magic-Kyun! Renaissance,Fall 2016
33314,Digimon Universe: Appli Monsters,Fall 2016
33337,ACCA: 13-ku Kansatsu-ka,Winter 2017
33341,Time Travel Shoujo: Mari Waka to 8-nin no Kagakusha-tachi,Summer 2016
33352,Violet Evergarden,Winter 2018
33354,Cardcaptor Sakura: Clear Card-hen,Winter 2018
33362,Starmyu 2nd Season,Spring 2017
33371,Atom: The Beginning,Spring 2017
33377,"Trickster: Edogawa Ranpo ""Shounen Tanteidan"" yori",Fall 2016
33392,Gakuen Handsome,Fall 2016
33398,Neko Konogoro,Summer 2016
33417,Super Lovers 2,Winter 2017
33419,12-sai.: Chicchana Mune no Tokimeki 2nd Season,Fall 2016
33421,Hitori no Shita: The Outcast,Summer 2016
33433,Shuumatsu no Izetta,Fall 2016
33434,Heybot!,Fall 2016
33447,Piace: Watashi no Italian,Winter 2017
33462,Bernard-jou Iwaku.,Fall 2016
33473,Tokyo Futago Athletic,Winter 2017
33475,Busou Shoujo Machiavellianism,Spring 2017
33478,UQ Holder!: Mahou Sensei Negima! 2,Fall 2017
33479,Muzumuzu Eighteen,Spring 2016
33486,Boku no Hero Academia 2nd Season,Spring 2017
33487,Masamune-kun no Revenge,Winter 2017
33489,Little Witch Academia (TV),Winter 2017
33490,Kaitou Joker 4th Season,Fall 2016
33502,Shuumatsu Nani Shitemasu ka? Isogashii Desu ka? Sukutte Moratte Ii Desu ka?,Spring 2017
33506,Ao no Exorcist: Kyoto Fujouou-hen,Winter 2017
33531,Juushinki Pandora,Spring 2018
33532,Twin Angel Break,Spring 2017
33541,Bishoujo Yuugi Unit Crane Game Girls Galaxy,Fall 2016
33572,Idol Memories,Fall 2016
33573,BanG Dream!,Winter 2017
33589,ViVid Strike!,Fall 2016
33654,Hitorijime My Hero,Summer 2017
33668,Soushin Shoujo Matoi,Fall 2016
33690,Nazotokine,Fall 2016
33726,Saiyuuki Reload Blast,Summer 2017
33731,Gabriel DropOut,Winter 2017
33733,Inazuma Eleven: Ares no Tenbin,Spring 2018
33743,Fuuka,Winter 2017
33746,Anitore! XX: Hitotsu Yane no Shita de,Fall 2016
33771,Cheating Craft,Fall 2016
33775,Soul Buster,Fall 2016
33788,Marginal#4: Kiss kara Tsukuru Big Bang,Winter 2017
33795,Mahou Shoujo Nante Mou Ii Desukara. Second Season,Fall 2016
33797,ID-0,Spring 2017
33803,Sengoku Choujuu Giga: Kou,Fall 2016
33811,Teekyuu 8,Fall 2016
33814,Ao Oni The Animation,Fall 2016
33834,Sin: Nanatsu no Taizai,Spring 2017
33835,PJ Berri no Mogumogu Munyamunya,Summer 2016
33836,Seiren,Winter 2017
33840,Kabuki-bu!,Spring 2017
33850,Nil Admirari no Tenbin,Spring 2018
33889,Saredo Tsumibito wa Ryuu to Odoru,Spring 2018
33899,IDOLiSH7,Winter 2018
33933,Yasamura Yasashi no Yasashii Sekai,Fall 2016
33946,Mikan Seijin Arawaru,Summer 2016
33948,Hinako Note,Spring 2017
33966,Yume Oukoku to Nemureru 100-nin no Ouji-sama,Summer 2018
33975,3-Nen D-Gumi Glass no Kamen,Fall 2016
33983,Onihei,Winter 2017
33985,Bloodivores,Fall 2016
33988,Demi-chan wa Kataritai,Winter 2017
34009,To Be Hero,Fall 2016
34012,Isekai Shokudou,Summer 2017
34013,Hagane Orchestra,Fall 2016
34019,Tsugumomo,Spring 2017
34028,Idol Jihen,Winter 2017
34034,Pokemon Sun & Moon,Fall 2016
34051,Akiba's Trip The Animation,Winter 2017
34052,100% Pascal-sensei (TV),Spring 2017
34055,Berserk 2nd Season,Spring 2017
34076,Uchouten Kazoku 2,Spring 2017
34077,Cardfight!! Vanguard G: Next,Fall 2016
34086,Tales of Zestiria the Cross 2nd Season,Winter 2017
34088,Chiruran: Nibun no Ichi,Winter 2017
34096,Gintama.,Winter 2017
34102,Sakurada Reset,Spring 2017
34104,Knight's & Magic,Summer 2017
34106,Kyoukai no Rinne (TV) 3rd Season,Spring 2017
34126,Rewrite 2nd Season,Winter 2017
34134,One Punch Man 2nd Season,Spring 2019
34148,Nyanko Days,Winter 2017
34156,PePePePengiin,Fall 2016
34176,Zero kara Hajimeru Mahou no Sho,Spring 2017
34177,Tenshi no 3P!,Summer 2017
34207,Dochamon Junior 2,Fall 2016
34209,Meiji Tokyo Renka,Winter 2019
34233,Kimoshiba,Fall 2016
34234,Ohayou! Kokekkou-san,Fall 2016
34235,Pittanko! Nekozakana,Fall 2016
34257,Cinderella Girls Gekijou,Spring 2017
34262,Oushitsu Kyoushi Heine,Spring 2017
34279,Grancrest Senki,Winter 2018
34280,Gamers!,Summer 2017
34281,High School DxD Hero,Spring 2018
34284,Yuuki Yuuna wa Yuusha de Aru: Washio Sumi no Shou,Fall 2017
34289,Schoolgirl Strikers: Animation Channel,Winter 2017
34290,Kirakira☆Precure A La Mode,Winter 2017
34292,Kamigami no Ki,Fall 2016
34295,Choboraunyopomi Gekijou Dai San Maku Ai Mai Mii: Surgical Friends,Winter 2017
34309,Nananin no Ayakashi: Chimi Chimi Mouryou!! Gendai Monogatari,Winter 2017
34332,Hulaing Babies,Winter 2019
34337,Ikemen Sengoku: Toki wo Kakeru ga Koi wa Hajimaranai,Summer 2017
34338,Lost Song,Spring 2018
34350,Alice to Zouroku,Spring 2017
34368,Vatican Kiseki Chousakan,Summer 2017
34382,Citrus,Winter 2018
34383,Netsuzou TRap,Summer 2017
34392,One Room,Winter 2017
34393,Room Mate,Spring 2017
34402,Love Kome: We Love Rice,Spring 2017
34403,Hajimete no Gal,Summer 2017
34410,Ba La La Xiao Mo Xian Zhi: Feiyue Cai Ling Bao,Fall 2016
34411,Taishou Mebiusline: Chicchai-san,Fall 2017
34427,Frame Arms Girl,Spring 2017
34445,Yuuki Yuuna wa Yuusha de Aru: Yuusha no Shou,Fall 2017
34449,The Reflection,Summer 2017
34451,Kekkai Sensen & Beyond,Fall 2017
34456,Sentai Hero Sukiyaki Force: Gunma no Heiwa wo Negau Season,Winter 2017
34467,Yami Shibai 4,Winter 2017
34488,Gan Gan Ganko-chan,Winter 2017
34494,Sakura Quest,Spring 2017
34497,Death March kara Hajimaru Isekai Kyousoukyoku,Winter 2018
34501,Kenka Banchou Otome: Girl Beats Boys,Spring 2017
34502,Inazma Delivery,Winter 2017
34503,KochinPa! Dainiki,Winter 2017
34522,"Wake Up, Girls! Shin Shou",Fall 2017
34525,Centaur no Nayami,Summer 2017
34542,Inuyashiki,Fall 2017
34543,Dive!!,Summer 2017
34547,Shoukoku no Altair,Summer 2017
34550,Warau Salesman New,Spring 2017
34561,Re:Creators,Spring 2017
34565,Jikan no Shihaisha,Summer 2017
34566,Boruto: Naruto Next Generations,Spring 2017
34572,Black Clover,Fall 2017
34577,Nanatsu no Taizai: Imashime no Fukkatsu,Winter 2018
34580,Nana Maru San Batsu,Summer 2017
34591,Natsume Yuujinchou Roku,Spring 2017
34599,Made in Abyss,Summer 2017
34607,Lostorage Conflated WIXOSS,Spring 2018
34612,Saiki Kusuo no Ψ-nan 2,Winter 2018
34618,Blend S,Fall 2017
34620,Kono Yo no Hate de Koi wo Utau Shoujo YU-NO,Spring 2019
34636,Ballroom e Youkoso,Summer 2017
34662,Fate/Apocrypha,Summer 2017
34664,Capsule Boy,Spring 2016
34667,Kemy Tamheomdae,Summer 2016
34669,Ba La La Xiao Mo Xian Zhi: Feiyue Cai Ling Bao 2nd Season,Spring 2017
34712,Kujira no Kora wa Sajou ni Utau,Fall 2017
34725,Kaito x Ansa,Summer 2017
34738,Sengoku Choujuu Giga: Otsu,Winter 2017
34741,Tomica Hyper Rescue Drive Head: Kidou Kyuukyuu Keisatsu (TV),Spring 2017
34745,Mahoujin Guruguru (2017),Summer 2017
34754,Rilu Rilu Fairilu: Yousei no Door,Winter 2016
34771,Dynamic Chord,Fall 2017
34787,Idol Time PriPara,Spring 2017
34794,Yukai na Animal Bus,Winter 2017
34798,Yuru Camp△,Winter 2018
34799,PriPri Chii-chan!!,Spring 2017
34800,Action Heroine Cheer Fruits,Summer 2017
34822,Tsuki ga Kirei,Spring 2017
34823,Souryo to Majiwaru Shikiyoku no Yoru ni...,Spring 2017
34825,Keppeki Danshi! Aoyama-kun,Summer 2017
34834,Hina Logi: From Luck & Logic,Summer 2017
34836,Future Card Buddyfight Battsu,Spring 2017
34839,Sanrio Danshi,Winter 2018
34852,Pikaia!!,Winter 2017
34863,Zoku Touken Ranbu: Hanamaru,Winter 2018
34866,Yu☆Gi☆Oh! VRAINS,Spring 2017
34881,Aho Girl,Summer 2017
34888,Makeruna!! Aku no Gundan!,Spring 2017
34901,Beyblade Burst God,Spring 2017
34902,Tsurezure Children,Summer 2017
34903,RoboMasters the Animated Series,Fall 2017
34905,Duel Masters (2017),Spring 2017
34914,New Game!!,Summer 2017
34915,The iDOLM@STER SideM,Fall 2017
34927,Rilu Rilu Fairilu: Mahou no Kagami,Spring 2017
34928,Akindo Sei no Little Peso,Spring 2017
34933,Kakegurui,Summer 2017
34934,Koi to Uso,Summer 2017
34964,Killing Bites,Winter 2018
34966,Jigoku Shoujo: Yoi no Togi,Summer 2017
34973,Love Live! Sunshine!! 2nd Season,Fall 2017
34975,Marvel Future Avengers,Summer 2017
34978,Nobunaga no Shinobi: Ise Kanegasaki-hen,Spring 2017
34979,Shounen Ashibe: Go! Go! Goma-chan 2,Spring 2017
34984,Koi wa Ameagari no You ni,Winter 2018
34990,Unicorn no Kyupi,Spring 2017
35015,Ani ni Tsukeru Kusuri wa Nai!,Spring 2017
35025,"""Eikou Naki Tensai-tachi"" Kara no Monogatari",Spring 2017
35062,Mahoutsukai no Yome,Fall 2017
35067,Osomatsu-san 2nd Season,Fall 2017
35069,Sekai no Yami Zukan,Spring 2017
35073,Overlord II,Winter 2018
35075,Hoozuki no Reitetsu 2nd Season,Fall 2017
35076,Juuni Taisen,Fall 2017
35078,Mitsuboshi Colors,Winter 2018
35079,Kino no Tabi: The Beautiful World - The Animated Series,Fall 2017
35112,Panpaka Pants O New-san,Spring 2017
35114,Clione no Akari,Summer 2017
35156,High & Low: G-Sword,Winter 2017
35180,3-gatsu no Lion 2nd Season,Fall 2017
35183,Gurazeni,Spring 2018
35203,Isekai wa Smartphone to Tomo ni.,Summer 2017
35220,Youkai Apartment no Yuuga na Nichijou,Summer 2017
35222,Gakuen Babysitters,Winter 2018
35226,Akita Kenritsu Iburi Gakkou Chuutou-bu,Spring 2017
35240,Princess Principal,Summer 2017
35241,Konohana Kitan,Fall 2017
35247,Owarimonogatari 2nd Season,Summer 2017
35248,18if,Summer 2017
35249,Uma Musume: Pretty Derby (TV),Spring 2018
35250,Urahara,Fall 2017
35251,Sengoku Night Blood,Fall 2017
35252,Hatena☆Illusion,Winter 2020
35254,Time Bokan: Gyakushuu no San Akunin,Fall 2017
35298,Ramen Daisuki Koizumi-san,Winter 2018
35302,Neko Neko Nihonshi 2nd Season,Spring 2017
35303,Furusato Meguri: Nippon no Mukashibanashi,Spring 2017
35313,Kemono Friends 2,Winter 2019
35319,Freaky Highschool,Summer 2016
35330,Poputepipikku,Winter 2018
35332,World Fool News (TV) Part II,Spring 2017
35334,ClassicaLoid 2nd Season,Fall 2017
35370,Teekyuu 9,Summer 2017
35372,Otoppe,Spring 2017
35376,Himouto! Umaru-chan R,Fall 2017
35385,Yukai na Animal Bus 2nd Season,Summer 2017
35413,Imouto sae Ireba Ii.,Fall 2017
35427,Animegataris,Fall 2017
35434,Konbini Kareshi,Summer 2017
35444,Neko to Mata,Spring 2017
35478,Neko no Robu,Spring 2017
35484,Osake wa Fuufu ni Natte kara,Fall 2017
35503,Shoujo☆Kageki Revue Starlight,Summer 2018
35507,Youkoso Jitsuryoku Shijou Shugi no Kyoushitsu e (TV),Summer 2017
35516,Dappys,Spring 2017
35517,Caribadix,Spring 2017
35540,Slow Start,Winter 2018
35557,Houseki no Kuni (TV),Fall 2017
35589,Toji no Miko,Winter 2018
35629,Skirt no Naka wa Kedamono Deshita.,Summer 2017
35639,Just Because!,Fall 2017
35672,Yama no Susume Third Season,Summer 2018
35698,Oidon to,Winter 2016
35712,Boku no Kanojo ga Majimesugiru Sho-bitch na Ken,Fall 2017
35714,Yami Shibai 5,Summer 2017
35730,Musekinin Galaxy☆Tylor,Summer 2017
35739,Pikotarou no Lullaby Lullaby (TV),Summer 2017
35756,Comic Girls,Spring 2018
35757,Gin no Guardian II,Winter 2018
35760,Shingeki no Kyojin Season 3,Summer 2018
35788,Shokugeki no Souma: San no Sara,Fall 2017
35789,Yowamushi Pedal: Glory Line,Winter 2018
35790,Tate no Yuusha no Nariagari,Winter 2019
35818,Love Kome: We Love Rice Nikisaku,Fall 2017
35821,Chio-chan no Tsuugakuro,Summer 2018
35828,Miira no Kaikata,Winter 2018
35834,Angolmois: Genkou Kassenki,Summer 2018
35835,RErideD: Tokigoe no Derrida,Fall 2018
35838,Shoujo Shuumatsu Ryokou,Fall 2017
35839,Sora yori mo Tooi Basho,Winter 2018
35843,Gintama.: Porori-hen,Fall 2017
35847,SSSS.Gridman,Fall 2018
35849,Darling in the FranXX,Winter 2018
35857,Lupin III: Part 5,Spring 2018
35860,Karakai Jouzu no Takagi-san,Winter 2018
35883,Cinderella Girls Gekijou 2nd Season,Fall 2017
35889,Hakata Tonkotsu Ramens,Winter 2018
35905,Ryuuou no Oshigoto!,Winter 2018
35914,Catchy-kun no Nice Catch!,Summer 2017
35928,Devils Line,Spring 2018
35957,Yura Yura Suizokukan,Summer 2017
35963,PJ Berri no Mogumogu Munyamunya Season 2,Summer 2017
35964,Basilisk: Ouka Ninpouchou,Winter 2018
35968,Wotaku ni Koi wa Muzukashii,Spring 2018
35972,Fairy Tail: Final Series,Fall 2018
35983,Harukana Receive,Summer 2018
35988,Dame x Prince Anime Caravan,Winter 2018
35994,Satsuriku no Tenshi,Summer 2018
35997,Märchen Mädchen,Winter 2018
36000,Sora to Umi no Aida,Fall 2018
36001,Alice or Alice,Spring 2018
36002,Otona no Ikkyuu-san 2nd Season,Spring 2017
36003,Kimoshiba 2,Spring 2017
36009,Two Car,Fall 2017
36022,Cardfight!! Vanguard G: Z,Fall 2017
36023,Persona 5 the Animation,Spring 2018
36027,Ousama Game The Animation,Fall 2017
36028,Golden Kamuy,Spring 2018
36029,Hakyuu Houshin Engi,Winter 2018
36036,Running Man,Summer 2017
36037,Senran Kagura Shinovi Master: Tokyo Youma-hen,Fall 2018
36049,Dagashi Kashi 2,Winter 2018
36073,Aiseki Mogol Girl,Fall 2017
36094,Hakumei to Mikochi,Winter 2018
36108,Takunomi.,Winter 2018
36124,Itou Junji: Collection,Winter 2018
36135,Oretacha Youkai Ningen,Fall 2017
36144,Garo: Vanishing Line,Fall 2017
36166,Fireball Humorous,Fall 2017
36196,Kaijuu Girls: Ultra Kaijuu Gijinka Keikaku 2nd Season,Winter 2018
36220,Itsudatte Bokura no Koi wa 10 cm Datta.,Fall 2017
36231,Hinomaru!,Summer 2017
36245,Evil or Live,Fall 2017
36259,Pingu in the City,Fall 2017
36265,Sylvanian Families: Mini Story,Fall 2017
36266,Mahou Shoujo Site,Spring 2018
36267,Uchuu Senkan Tiramisù,Spring 2018
36288,Glamorous Heroes,Fall 2017
36296,Hinamatsuri (TV),Spring 2018
36309,Butlers: Chitose Momotose Monogatari,Spring 2018
36316,Shichisei no Subaru,Summer 2018
36317,Gaikotsu Shotenin Honda-san,Fall 2018
36407,Kenja no Mago,Spring 2019
36409,Yodel no Onna,Fall 2017
36418,Koneko no Chi: Ponponra Dairyokou,Spring 2018
36431,One Room Second Season,Summer 2018
36432,Toaru Majutsu no Index III,Fall 2018
36440,Ku Pao Ying Xiong,Fall 2017
36456,Boku no Hero Academia 3rd Season,Spring 2018
36470,Tada-kun wa Koi wo Shinai,Spring 2018
36474,Sword Art Online: Alicization,Fall 2018
36475,Sword Art Online Alternative: Gun Gale Online,Spring 2018
36486,Lalala Lala-chan ★Uchuu ni Muchuu★,Fall 2017
36506,Fuwafuwa Hour: Pui Pui & Muu Muu,Summer 2017
36510,Ulysses: Jehanne Darc to Renkin no Kishi,Fall 2018
36511,Tokyo Ghoul:re,Spring 2018
36513,Rokuhoudou Yotsuiro Biyori,Spring 2018
36516,Beatless,Winter 2018
36522,Ling Qi 2,Winter 2018
36525,Dorei-ku The Animation,Spring 2018
36530,Porong Porong Pororo 6,Spring 2016
36531,Shinkansen Henkei Robo Shinkalion The Animation,Winter 2018
36536,Starmyu 3rd Season,Summer 2019
36548,Kokkoku,Winter 2018
36551,Lalala Lala-chan: Patapata Daisensou,Fall 2016
36552,Pikachin-Kit,Winter 2018
36563,Megalo Box,Spring 2018
36565,Major 2nd (TV),Spring 2018
36587,Granblue Fantasy The Animation Season 2,Fall 2019
36593,Hug tto! Precure,Winter 2018
36611,Bary-san no Shokoku Manyuuki,Winter 2016
36618,Flowering Heart 2,Spring 2017
36632,Ore ga Suki nano wa Imouto dakedo Imouto ja Nai,Fall 2018
36633,Date A Live III,Winter 2019
36649,Banana Fish,Summer 2018
36652,Piano no Mori (TV),Spring 2018
36653,Tsurune: Kazemai Koukou Kyuudoubu,Fall 2018
36654,Tsukumogami Kashimasu,Summer 2018
36657,Stone Age,Summer 2017
36666,An Ling Yu Shi Di Qi,Spring 2017
36704,Free! Dive to the Future,Summer 2018
36726,Yuragi-sou no Yuuna-san,Summer 2018
36728,Mameneko,Winter 2018
36740,Dragon Egg,Fall 2017
36754,Kakuriyo no Yadomeshi,Spring 2018
36784,Hataraku Onii-san!,Winter 2018
36793,3D Kanojo: Real Girl,Spring 2018
36797,gdMen,Winter 2018
36800,Amanchu! Advance,Spring 2018
36817,Sunohara-sou no Kanrinin-san,Summer 2018
36828,Caligula (TV),Spring 2018
36838,Gintama.: Shirogane no Tamashii-hen,Winter 2018
36840,25-sai no Joshikousei,Winter 2018
36864,Akkun to Kanojo,Spring 2018
36873,Back Street Girls: Gokudolls,Summer 2018
36882,Arifureta Shokugyou de Sekai Saikyou,Summer 2019
36884,Hisone to Maso-tan,Spring 2018
36894,Inazma Delivery: Dougyousha Attack-hen,Winter 2018
36902,Mahou Shoujo Ore,Spring 2018
36906,Jashin-chan Dropkick,Summer 2018
36934,Captain Tsubasa (2018),Spring 2018
36943,Tachibanakan Triangle,Spring 2018
36945,Himote House,Fall 2018
36949,Shokugeki no Souma: San no Sara - Tootsuki Ressha-hen,Spring 2018
36976,Cutie Honey Universe,Spring 2018
36982,Micchiri Neko,Winter 2018
37007,Hinomaruzumou,Fall 2018
37023,Layton Mystery Tanteisha: Katri no Nazotoki File,Spring 2018
37029,Hoozuki no Reitetsu 2nd Season: Sono Ni,Spring 2018
37036,Binan Koukou Chikyuu Boueibu Happy Kiss!,Spring 2018
37054,"Sentai Hero Sukiyaki Force: Gunma no Heiwa wo Negau Season e, Mata?",Winter 2018
37086,Kakegurui××,Winter 2019
37096,Puzzle & Dragon,Spring 2018
37101,Xiong Chumo: Xiongxiong Leyuan,Spring 2017
37102,Xiong Chumo: Tanxian Riji,Fall 2017
37105,Grand Blue,Summer 2018
37106,Kitsune no Koe,Fall 2018
37117,Bakutsuri Bar Hunter,Fall 2018
37126,Nobunaga no Shinobi: Anegawa Ishiyama-hen,Spring 2018
37140,Gegege no Kitarou (2018),Spring 2018
37141,Hataraku Saibou (TV),Summer 2018
37151,Marvel Future Avengers 2nd Season,Summer 2018
37154,Grimms Notes The Animation,Winter 2019
37171,Asobi Asobase,Summer 2018
37178,Kiratto Pri☆chan,Spring 2018
37188,Fumikiri Jikan,Spring 2018
37202,Radiant,Fall 2018
37204,Aikatsu Friends!,Spring 2018
37206,Anima Yell!,Fall 2018
37210,Isekai Maou to Shoukan Shoujo no Dorei Majutsu,Summer 2018
37221,Release the Spyce,Fall 2018
37232,Merc Storia: Mukiryoku no Shounen to Bin no Naka no Shoujo,Fall 2018
37244,Gan Gan Ganko-chan 2nd Season,Winter 2018
37245,Gundam Build Divers,Spring 2018
37254,Last Period: Owarinaki Rasen no Monogatari,Spring 2018
37258,Omae wa Mada Gunma wo Shiranai,Spring 2018
37259,Hanebado!,Summer 2018
37263,Quiz Tokiko-san,Summer 2017
37268,Z/X: Code Reunion,Fall 2019
37281,Joshiochi!: 2-kai kara Onnanoko ga... Futtekita!?,Summer 2018
37283,Beyblade Burst Chouzetsu,Spring 2018
37302,Kemurikusa (TV),Winter 2019
37320,Amai Choubatsu: Watashi wa Kanshu Senyou Pet,Spring 2018
37324,Youkai Watch: Shadow Side,Spring 2018
37325,Kuroneko Monroe,Spring 2018
37328,Oshiete Mahou no Pendulum: Rilu Rilu Fairilu,Summer 2018
37338,Chuukan Kanriroku Tonegawa,Summer 2018
37345,Plunderer,Winter 2020
37347,Dungeon ni Deai wo Motomeru no wa Machigatteiru Darou ka II,Summer 2019
37349,Goblin Slayer,Fall 2018
37359,Kekkero Ke,Spring 2018
37368,Shounen Ashibe: Go! Go! Goma-chan 3,Spring 2018
37369,Neko Neko Nihonshi 3rd Season,Spring 2018
37374,Pastel Memories,Winter 2019
37379,Chihayafuru 3,Fall 2019
37393,"Watashi, Nouryoku wa Heikinchi de tte Itta yo ne!",Fall 2019
37395,Zoids Wild,Summer 2018
37403,Ahiru no Sora,Fall 2019
37422,Cinderella Girls Gekijou 3rd Season,Summer 2018
37426,Sarazanmai,Spring 2019
37428,Chara to Otamajakushi Shima,Spring 2018
37430,Tensei shitara Slime Datta Ken,Fall 2018
37433,Wakaokami wa Shougakusei!,Spring 2018
37435,Carole & Tuesday,Spring 2019
37436,Revisions,Winter 2019
37438,Ingress the Animation,Fall 2018
37446,Hyakuren no Haou to Seiyaku no Valkyria,Summer 2018
37447,Karakuri Circus (TV),Fall 2018
37448,Ladyspo,Spring 2018
37450,Seishun Buta Yarou wa Bunny Girl Senpai no Yume wo Minai,Fall 2018
37451,Boogiepop wa Warawanai (2019),Winter 2019
37458,Kyoto Teramachi Sanjou no Holmes,Summer 2018
37467,Usagi no Matthew,Spring 2018
37472,Lalala Lala-chan: Lala to Mainichi,Winter 2019
37475,Kishuku Gakkou no Juliet,Fall 2018
37476,Cardfight!! Vanguard (2018),Spring 2018
37481,Ongaku Shoujo (TV),Summer 2018
37484,Duel Masters!,Spring 2018
37487,Muhyo to Rouji no Mahouritsu Soudan Jimusho,Summer 2018
37490,"Gyakuten Saiban: Sono ""Shinjitsu"", Igi Ari! Season 2",Fall 2018
37491,Gintama.: Shirogane no Tamashii-hen - Kouhan-sen,Summer 2018
37496,Double Decker! Doug & Kirill,Fall 2018
37497,Irozuku Sekai no Ashita kara,Fall 2018
37509,W'z,Winter 2019
37510,Mob Psycho 100 II,Winter 2019
37517,Happy Sugar Life,Summer 2018
37520,Dororo,Winter 2019
37521,Vinland Saga,Summer 2019
37522,Pet,Winter 2020
37525,Babylon,Fall 2019
37555,Hangyakusei Million Arthur,Fall 2018
37559,Oretacha Youkai Ningen G,Spring 2018
37560,Mannaka no Rikkun@Kin Tele,Winter 2019
37561,Akanesasu Shoujo,Fall 2018
37569,Sirius,Summer 2018
37571,Senjuushi,Summer 2018
37576,Majutsushi Orphen Hagure Tabi,Winter 2020
37578,Planet With,Summer 2018
37579,Tonari no Kyuuketsuki-san,Fall 2018
37584,Bakumatsu,Fall 2018
37597,Dakaretai Otoko 1-i ni Odosarete Imasu.,Fall 2018
37598,Phantom in the Twilight,Summer 2018
37599,Magatsu Wahrheit: Zuerst,Fall 2020
37601,Lord of Vermilion: Guren no Ou,Summer 2018
37611,Future Card Buddyfight Battsu: All-Star Fight,Spring 2018
37614,Hitoribocchi no Marumaru Seikatsu,Spring 2019
37646,Hataraku Onii-san! no 2!,Summer 2018
37651,Fate/Extra: Last Encore - Illustrias Tendousetsu,Summer 2018
37653,Caribadix 2nd Season,Spring 2018
37657,Gakuen Basara,Fall 2018
37662,Shinya! Tensai Bakabon,Summer 2018
37675,Overlord III,Summer 2018
37716,Beelzebub-jou no Okinimesu mama.,Fall 2018
37722,Uchi no Maid ga Uzasugiru!,Fall 2018
37739,Future Card Shin Buddyfight,Summer 2018
37744,Isekai Cheat Magician,Summer 2019
37749,Turning Mecard R,Fall 2017
37750,Turning Mecard W: Vandyne-ui Bimil,Fall 2017
37752,Gonglyong Mecard,Fall 2017
37769,Aguu: Tensai Ningyou,Summer 2018
37779,Yakusoku no Neverland,Winter 2019
37780,Okojo to Yamane,Summer 2018
37786,Yagate Kimi ni Naru,Fall 2018
37787,Space Bug,Summer 2018
37799,Tokyo Ghoul:re 2nd Season,Fall 2018
37806,Gunjou no Magmell,Spring 2019
37823,Conception,Fall 2018
37869,BanG Dream! 2nd Season,Winter 2019
37870,BanG Dream! 3rd Season,Winter 2020
37890,Oshi ga Budoukan Ittekuretara Shinu,Winter 2020
37893,Yami Shibai 6,Summer 2018
37920,Ueno-san wa Bukiyou,Winter 2019
37924,Ani ni Tsukeru Kusuri wa Nai! 2,Summer 2018
37926,Nakanohito Genome [Jikkyouchuu],Summer 2019
37927,Nu Sheng Su She Ri Chang,Fall 2016
37940,Yatogame-chan Kansatsu Nikki,Spring 2019
37951,Ice Kuritarou,Fall 2017
37952,Shoumetsu Toshi,Spring 2019
37956,3D Kanojo: Real Girl 2nd Season,Winter 2019
37958,Fukigen na Mononokean Tsuzuki,Winter 2019
37962,IDOLiSH7: Second Beat!,Spring 2020
37964,Mayonaka no Occult Koumuin,Spring 2019
37965,Kaze ga Tsuyoku Fuiteiru,Fall 2018
37968,Kirakira Happy★Hirake! Cocotama,Fall 2018
37972,Hoshiai no Sora,Fall 2019
37975,Piano no Mori (TV) 2nd Season,Winter 2019
37976,Zombieland Saga,Fall 2018
37978,Kamisama Minarai: Himitsu no Cocotama - Minarai Cocotama-dou,Summer 2018
37979,Mahou Shoujo Tokushusen Asuka,Winter 2019
37982,Domestic na Kanojo,Winter 2019
37988,Uchuu Senkan Tiramisù II,Fall 2018
37989,Golden Kamuy 2nd Season,Fall 2018
37990,Gurazeni Season 2,Fall 2018
37991,JoJo no Kimyou na Bouken Part 5: Ougon no Kaze,Fall 2018
37992,Jingai-san no Yome,Fall 2018
37993,Watashi ni Tenshi ga Maiorita!,Winter 2019
37998,Girly Air Force,Winter 2019
37999,Kaguya-sama wa Kokurasetai: Tensai-tachi no Renai Zunousen,Winter 2019
38000,Kimetsu no Yaiba,Spring 2019
38003,Bungou Stray Dogs 3rd Season,Spring 2019
38004,Strike Witches: 501 Butai Hasshin Shimasu!,Spring 2019
38005,Strike Witches: Road to Berlin,Fall 2020
38010,Kaeru Ouji to Imomushi Henry,Summer 2018
38020,Beatless Final Stage,Summer 2018
38062,Endro~!,Winter 2019
38074,Kkoma Bus Tayo 4,Summer 2016
38075,Titipo Titipo,Winter 2018
38080,Kono Oto Tomare!,Spring 2019
38083,Ken En Ken: Aoki Kagayaki,Fall 2018
38084,Fate/Grand Order: Zettai Majuu Sensen Babylonia,Fall 2019
38089,"Okoshiyasu, Chitose-chan",Fall 2018
38091,Hachigatsu no Cinderella Nine (TV),Spring 2019
38098,Mix,Spring 2019
38101,5-toubun no Hanayome,Winter 2019
38128,Zhu Zhu Xia: Guang Ming Shou Wei Zhe,Spring 2016
38129,Zhu Zhu Xia: Meng Xiang Shou Wei Zhe,Fall 2016
38131,Zhu Zhu Xia: Chao Xing Meng Chong,Spring 2017
38138,Zhu Zhu Xia: Jing Qiu Xiao Yingxiong,Spring 2018
38145,"Doukyonin wa Hiza, Tokidoki, Atama no Ue.",Winter 2019
38147,Hoshi no Shima no Nyanko,Fall 2018
38150,Namu Amida Butsu!: Rendai Utena,Spring 2019
38157,Circlet Princess,Winter 2019
38161,Kabukichou Sherlock,Fall 2019
38162,Rinshi!! Ekoda-chan,Winter 2019
38166,Malta no Bouken Season 3,Spring 2017
38186,Bokutachi wa Benkyou ga Dekinai,Spring 2019
38199,Bermuda Triangle: Colorful Pastrale,Winter 2019
38203,The iDOLM@STER SideM: Wake Atte Mini!,Fall 2018
38212,"Shuudengo, Capsule Hotel de, Joushi ni Binetsu Tsutawaru Yoru.",Fall 2018
38226,Choukadou Girl ⅙,Spring 2019
38235,Inazuma Eleven: Orion no Kokuin,Fall 2018
38251,"Sono Toki, Kanojo wa.",Fall 2018
38254,Hashiri Tsuzukete Yokattatte.,Fall 2018
38256,Magia Record: Mahou Shoujo Madoka☆Magica Gaiden (TV),Winter 2020
38262,Pingu in the City (2018),Fall 2018
38268,Hangyakusei Million Arthur 2nd Season,Spring 2019
38276,Houkago Saikoro Club,Fall 2019
38284,Devidol!,Fall 2018
38295,Joshikausei,Spring 2019
38297,"Maou-sama, Retry!",Summer 2019
38301,Kouya no Kotobuki Hikoutai,Winter 2019
38302,Boku no Tonari ni Ankoku Hakaishin ga Imasu.,Winter 2020
38328,Azur Lane,Fall 2019
38331,Stand My Heroes: Piece of Truth,Fall 2019
38337,Gochuumon wa Usagi Desu ka? Bloom,Fall 2020
38365,Aigan Kaijuu,Fall 2018
38390,Chuubyou Gekihatsu Boy,Fall 2019
38397,Nande Koko ni Sensei ga!?,Spring 2019
38408,Boku no Hero Academia 4th Season,Fall 2019
38427,Daifuku-kun@Kin Tele,Fall 2018
38449,Choujigen Kakumei Anime: Dimension High School,Winter 2019
38451,Reizouko no Tsukenosuke!,Fall 2018
38472,Isekai Quartet,Spring 2019
38476,Heya Camp△,Winter 2020
38480,Toaru Kagaku no Accelerator,Summer 2019
38481,Toaru Kagaku no Railgun T,Winter 2020
38483,Ore wo Suki nano wa Omae dake ka yo,Fall 2019
38524,Shingeki no Kyojin Season 3 Part 2,Spring 2019
38526,Chuldong! Super Wings 2,Spring 2017
38529,Rifle Is Beautiful,Fall 2019
38544,Egao no Daika,Winter 2019
38549,TV Yarou Nanaana,Spring 2018
38555,Otome Game no Hametsu Flag shika Nai Akuyaku Reijou ni Tensei shiteshimatta...,Spring 2020
38560,Sylvanian Families: Mini Story 2nd Season,Fall 2018
38572,Assassins Pride,Fall 2019
38573,Tsuujou Kougeki ga Zentai Kougeki de Ni-kai Kougeki no Okaasan wa Suki Desu ka?,Summer 2019
38578,Star☆Twinkle Precure,Winter 2019
38610,Tejina-senpai,Summer 2019
38611,Power Battle Watch Car,Spring 2016
38612,Power Battle Watch Car Season 2,Summer 2016
38619,Joshikousei no Mudazukai,Summer 2019
38631,Kkoma Bus Tayo 5,Summer 2018
38656,Darwin's Game,Winter 2020
38659,Shinchou Yuusha: Kono Yuusha ga Ore Tueee Kuse ni Shinchou Sugiru,Fall 2019
38668,Dorohedoro,Winter 2020
38669,Tsukiuta. The Animation 2,Fall 2020
38670,Actors: Songs Connection,Fall 2019
38671,Enen no Shouboutai,Summer 2019
38673,Mini Toji,Winter 2019
38680,Fruits Basket 1st Season,Spring 2019
38691,Dr. Stone,Summer 2019
38707,RobiHachi,Spring 2019
38731,Diamond no Ace: Act II,Spring 2019
38753,Araburu Kisetsu no Otome-domo yo.,Summer 2019
38759,Sewayaki Kitsune no Senko-san,Spring 2019
38767,Cinderella Girls Gekijou: Climax Season,Spring 2019
38776,Manul no Yuube,Fall 2018
38778,Midara na Ao-chan wa Benkyou ga Dekinai,Spring 2019
38787,Senryuu Shoujo,Spring 2019
38790,Itai no wa Iya nano de Bougyoryoku ni Kyokufuri Shitai to Omoimasu.,Winter 2020
38797,"Papa datte, Shitai",Winter 2019
38804,Kiratto Pri☆chan Season 2,Spring 2019
38814,Nobunaga-sensei no Osanazuma,Spring 2019
38830,"Hachi-nan tte, Sore wa Nai deshou!",Spring 2020
38835,Umayon,Summer 2020
38843,Shironeko Project: Zero Chronicle,Spring 2020
38851,Virtual-san wa Miteiru,Winter 2019
38857,Neko no Nyagh: Nya Misérables,Spring 2019
38860,Bakumatsu: Crisis,Spring 2019
38881,Jimoto ga Japan,Spring 2019
38883,Haikyuu!! To the Top,Winter 2020
38889,Kono Oto Tomare! 2nd Season,Fall 2019
38909,Infinite Dendrogram,Winter 2020
38920,Kochouki: Wakaki Nobunaga,Summer 2019
38923,Sinbi Apateu: Ghost Ball Bimil,Summer 2016
38924,Nekopara,Winter 2020
38940,Cop Craft,Summer 2019
38959,Lord El-Melloi II Sei no Jikenbo: Rail Zeppelin Grace Note,Summer 2019
38992,Rikei ga Koi ni Ochita no de Shoumei shitemita.,Winter 2020
38993,Karakai Jouzu no Takagi-san 2,Summer 2019
39003,Kyou mo Tsuno ga Aru,Winter 2019
39007,Kawauso Labo,Winter 2019
39012,Capsule Boy 2: Ujuleul Jikyeola,Winter 2019
39017,Kyokou Suiri,Winter 2020
39026,Dumbbell Nan Kilo Moteru?,Summer 2019
39030,Hataage! Kemono Michi,Fall 2019
39031,B Rappers Street,Spring 2019
39039,Duel Masters!!,Spring 2019
39040,Kedama no Gonjirou,Spring 2019
39063,Fairy Gone,Spring 2019
39071,Machikado Mazoku,Summer 2019
39078,Aikatsu Friends!: Kagayaki no Jewel,Spring 2019
39183,Super Shiro,Fall 2019
39184,A3! Season Spring & Summer,Winter 2020
39194,Shin Chuuka Ichiban!,Fall 2019
39195,Beastars,Fall 2019
39196,Mairimashita! Iruma-kun,Fall 2019
39198,Kanata no Astra,Summer 2019
39199,Katsute Kami Datta Kemono-tachi e,Summer 2019
39221,Bem,Summer 2019
39244,Cardfight!! Vanguard: Zoku Koukousei-hen,Spring 2019
39277,Youkai Watch!,Spring 2019
39282,Beyblade Burst Gachi,Spring 2019
39292,Princess Connect! Re:Dive,Spring 2020
39324,"Uchi no Ko no Tame naraba, Ore wa Moshikashitara Maou mo Taoseru kamo Shirenai.",Summer 2019
39326,Kawaikereba Hentai demo Suki ni Natte Kuremasu ka?,Summer 2019
39337,Araiya-san!: Ore to Aitsu ga Onnayu de!?,Spring 2019
39355,Radiant 2nd Season,Fall 2019
39356,Neko Neko Nihonshi 4th Season,Spring 2019
39388,Koisuru Asteroid,Winter 2020
39417,Granbelm,Summer 2019
39456,Sounan Desu ka?,Summer 2019
39457,Shounen Ashibe: Go! Go! Goma-chan 4,Spring 2019
39463,Gleipnir,Spring 2020
39468,Honzuki no Gekokujou: Shisho ni Naru Tame ni wa Shudan wo Erandeiraremasen,Fall 2019
39469,Tsugu Tsugumomo,Spring 2020
39491,Psycho-Pass 3,Fall 2019
39506,Phantasy Star Online 2: Episode Oracle,Fall 2019
39523,Choujin Koukousei-tachi wa Isekai demo Yoyuu de Ikinuku you desu!,Fall 2019
39527,Try Knights,Summer 2019
39531,Kuutei Dragons,Winter 2020
39533,Given,Summer 2019
39534,Jibaku Shounen Hanako-kun,Winter 2020
39539,No Guns Life,Fall 2019
39547,Yahari Ore no Seishun Love Comedy wa Machigatteiru. Kan,Summer 2020
39567,Keishichou Tokumubu Tokushu Kyouakuhan Taisakushitsu Dainanaka: Tokunana,Fall 2019
39570,High Score Girl II,Fall 2019
39572,Wangu Xian Qiong III: Eren Gu Pian,Spring 2019
39575,Somali to Mori no Kamisama,Winter 2020
39581,TV Yarou Nanaana: Wakuwaku Doukutsu Land,Spring 2019
39582,Kitsutsuki Tanteidokoro,Spring 2020
39583,number24,Winter 2020
39587,Re:Zero kara Hajimeru Isekai Seikatsu 2nd Season,Summer 2020
39590,Africa no Salaryman (TV),Fall 2019
39592,Mobile Suit Gundam: The Origin - Advent of the Red Comet,Spring 2019
39597,Sword Art Online: Alicization - War of Underworld,Fall 2019
39609,Ochikobore Fruit Tart,Fall 2020
39620,Hakata Mentai! Pirikarako-chan,Summer 2019
39622,Bakugan: Battle Planet,Spring 2019
39635,Daifuku-kun@Kin Tele 2nd Season,Spring 2019
39664,Gifu no Tatekayoko,Spring 2019
39668,Watanuki-san Chi no,Spring 2019
39679,Ju Bing Chang Cheng Zhuan,Winter 2019
39681,D4DJ: First Mix,Fall 2020
39699,King of Prism: Shiny Seven Stars,Spring 2019
39701,Nanatsu no Taizai: Kamigami no Gekirin,Fall 2019
39710,Yesterday wo Utatte,Spring 2020
39730,Houkago Teibou Nisshi,Spring 2020
39790,Adachi to Shimamura,Fall 2020
39792,Eizouken ni wa Te wo Dasu na!,Winter 2020
39798,Zhu Zhu Xia: Konglong Riji,Spring 2019
39799,Val x Love,Fall 2019
39811,Fairy Gone 2nd Season,Fall 2019
39820,Chuldong! Super Wings 3,Fall 2018
39836,Yami Shibai 7,Summer 2019
39918,Shining Star,Fall 2017
39940,Shokugeki no Souma: Shin no Sara,Fall 2019
39942,Uchi Tama?! Uchi no Tama Shirimasen ka?,Winter 2020
39948,Muhyo to Rouji no Mahouritsu Soudan Jimusho 2nd Season,Summer 2020
39959,Ani ni Tsukeru Kusuri wa Nai! 3,Fall 2019
39960,Yatogame-chan Kansatsu Nikki Nisatsume,Winter 2020
39963,Yubisaki kara Honki no Netsujou: Osananajimi wa Shouboushi,Summer 2019
39966,Tamayomi,Spring 2020
39978,Waresho! Warera! Shodobutsu Aigo Iinkai,Summer 2019
39979,Business Fish,Summer 2019
39988,Isekai Quartet 2,Winter 2020
40004,Bokutachi wa Benkyou ga Dekinai!,Fall 2019
40010,Ishuzoku Reviewers,Winter 2020
40040,Odoru Mowai-kun,Summer 2019
40045,Motto! Majime ni Fumajime Kaiketsu Zorori,Spring 2020
40046,Id:Invaded,Winter 2020
40052,Great Pretender,Summer 2020
40056,Deca-Dence,Summer 2020
40059,Golden Kamuy 3rd Season,Fall 2020
40060,BNA,Spring 2020
40074,Gibiate,Summer 2020
40075,Koi to Producer: EVOL×LOVE,Summer 2020
40085,Maesetsu!,Fall 2020
40092,Xiao Hua Xian 3rd Season: Shou Hu Tian Shi,Spring 2017
40128,Arte,Spring 2020
40129,Rebirth,Winter 2020
40136,Oda Cinnamon Nobunaga,Winter 2020
40137,ARP Backstage Pass,Winter 2020
40145,Yu☆Gi☆Oh!: Sevens,Spring 2020
40148,22/7,Winter 2020
40165,Listeners,Spring 2020
40166,Zoids Wild Zero,Fall 2019
40167,Cardfight!! Vanguard: Shinemon-hen,Summer 2019
40196,Kandagawa Jet Girls,Fall 2019
40197,Urashimasakatasen no Nichijou,Fall 2019
40221,Kami no Tou,Spring 2020
40228,Bananya: Fushigi na Nakama-tachi,Fall 2019
40230,Housekishou Richard-shi no Nazo Kantei,Winter 2020
40249,Ba La La Xiao Mo Xian Zhi: Mofa Hai Ying Bao,Fall 2018
40254,XL Joushi.,Fall 2019
40266,Aikatsu on Parade!,Fall 2019
40272,A3! Season Autumn & Winter,Fall 2020
40320,Tenka Hyakken: Meiji-kan e Youkoso!,Fall 2019
40327,Mewkledreamy,Spring 2020
40351,Pokemon (2019),Fall 2019
40358,Gal to Kyouryuu,Spring 2020
40359,Ikebukuro West Gate Park,Fall 2020
40367,Go! Go! Atom,Fall 2019
40368,Egg Car,Fall 2019
40392,Runway de Waratte,Winter 2020
40397,Maoujou de Oyasumi,Fall 2020
40403,Shin Sakura Taisen the Animation,Spring 2020
40417,Fruits Basket 2nd Season,Spring 2020
40423,Taeko no Nichijou,Fall 2019
40436,Peter Grill to Kenja no Jikan,Summer 2020
40454,Dungeon ni Deai wo Motomeru no wa Machigatteiru Darou ka III,Fall 2020
40455,Sylvanian Families: Mini Story - Clover,Fall 2019
40473,Chou Futsuu Toshi Kashiwa Densetsu R,Summer 2020
40483,Murenase! Seton Gakuen,Winter 2020
40487,Eily wa Ou-sama!,Fall 2019
40496,"Maou Gakuin no Futekigousha: Shijou Saikyou no Maou no Shiso, Tensei shite Shison-tachi no Gakkou e Kayou",Summer 2020
40497,Mahouka Koukou no Rettousei: Raihousha-hen,Fall 2020
40504,Major 2nd (TV) 2nd Season,Spring 2020
40506,Shadowverse (TV),Spring 2020
40513,Nami yo Kiitekure,Spring 2020
40529,No Guns Life 2nd Season,Summer 2020
40532,Appare-Ranman!,Spring 2020
40540,Sword Art Online: Alicization - War of Underworld 2nd Season,Summer 2020
40571,Majo no Tabitabi,Fall 2020
40589,ColoColo Animal ABC@Kin Tele,Fall 2019
40591,Kaguya-sama wa Kokurasetai? Tensai-tachi no Renai Zunousen,Spring 2020
40595,"Kimi to Boku no Saigo no Senjou, Aruiwa Sekai ga Hajimaru Seisen",Fall 2020
40610,Healin' Good♡Precure,Winter 2020
40623,Dokyuu Hentai HxEros,Summer 2020
40677,Argonavis from BanG Dream!,Spring 2020
40682,Kingdom 3rd Season,Spring 2020
40708,Monster Musume no Oishasan,Summer 2020
40714,Youkai Watch Jam: Youkai Gakuen Y - N to no Souguu,Winter 2020
40716,Kakushigoto (TV),Spring 2020
40738,Natsunagu!,Winter 2020
40746,Overflow,Winter 2020
40748,Jujutsu Kaisen (TV),Fall 2020
40758,Hulaing Babies Petit,Winter 2020
40763,Show By Rock!! Mashumairesh!!,Winter 2020
40776,Haikyuu!! To the Top 2nd Season,Fall 2020
40783,"Shachou, Battle no Jikan Desu!",Spring 2020
40803,Hypnosis Mic: Division Rap Battle - Rhyme Anima,Fall 2020
40815,Honzuki no Gekokujou: Shisho ni Naru Tame ni wa Shudan wo Erandeiraremasen 2nd Season,Spring 2020
40832,Mukashi Keibanashi,Fall 2019
40833,Inu to Neko Docchi mo Katteru to Mainichi Tanoshii,Fall 2020
40839,"Kanojo, Okarishimasu",Summer 2020
40850,Breakers,Winter 2020
40879,Love Live! Nijigasaki Gakuen School Idol Doukoukai,Fall 2020
40880,Kiratto Pri☆chan Season 3,Spring 2020
40893,Komatta Jiisan,Spring 2020
40902,Shokugeki no Souma: Gou no Sara,Spring 2020
40906,Dragon Quest: Dai no Daibouken (2020),Fall 2020
40911,Yuukoku no Moriarty,Fall 2020
40934,Bungou to Alchemist: Shinpan no Haguruma,Spring 2020
40953,Lalalacoco,Winter 2020
40956,Enen no Shouboutai: Ni no Shou,Summer 2020
40958,Rail Romanesque,Fall 2020
40974,Kuma Kuma Kuma Bear,Fall 2020
40983,Hakushon Daimaou 2020,Spring 2020
40995,Hentatsu (TV),Winter 2020
41006,Higurashi no Naku Koro ni Gou,Fall 2020
41062,Tomica Kizuna Gattai: Earth Granner,Spring 2020
41074,Digimon Adventure:,Spring 2020
41101,Poccolies,Spring 2020
41120,Fugou Keiji: Balance:Unlimited,Spring 2020
41226,Uzaki-chan wa Asobitai!,Summer 2020
41266,Bessatsu Olympia Kyklos,Spring 2020
41276,Onigiri ni Naritai Cogimyun,Winter 2020
41277,Rainbow Ruby,Spring 2017
41283,Cardfight!! Vanguard Gaiden: If,Spring 2020
41312,Kami-tachi ni Hirowareta Otoko,Fall 2020
41332,Ore no Yubi de Midarero.: Heitengo Futarikiri no Salon de...,Spring 2020
41345,Noblesse,Fall 2020
41349,Ooya-san to Boku,Spring 2020
41353,The God of High School,Summer 2020
41364,One Room Third Season,Fall 2020
41372,Senyoku no Sigrdrifa,Fall 2020
41380,100-man no Inochi no Ue ni Ore wa Tatteiru,Fall 2020
41381,Garugaku.: Sei Girls Square Gakuin,Spring 2020
41384,Norimono Man: Mobile Land no Car-kun,Spring 2020
41389,Tonikaku Kawaii,Fall 2020
41401,TV Yarou Nanaana: Kaibutsu Kraken wo Oe!,Spring 2020
41404,Neko Neko Nihonshi 5th Season,Spring 2020
41405,Bakugan: Armored Alliance,Spring 2020
41426,Watanuki-san Chi to,Spring 2020
41433,Akudama Drive,Fall 2020
41440,"Anoyo no Subete wa, Obake-gumi!",Spring 2020
41466,Kyojinzoku no Hanayome,Summer 2020
41470,Micchiri Wanko! Animation,Spring 2020
41529,Duel Masters King,Spring 2020
41558,Asatir: Mirai no Mukashi Banashi,Spring 2020
41574,Guraburu!,Fall 2020
41619,Munou na Nana,Fall 2020
41635,Zhu Zhu Xia: Jing Su Xiao Yingxiong,Fall 2019
41638,Bite-Choicar,Spring 2020
41667,Monkateu,Summer 2017
41686,Zo Zo Zo Zombie-kun (TV),Spring 2020
41783,Iwa Kakeru!: Sport Climbing Girls,Fall 2020
41807,Get Up! Get Live! #Geragera,Summer 2020
41834,King's Raid: Ishi wo Tsugumono-tachi,Fall 2020
41911,Hanyou no Yashahime: Sengoku Otogizoushi,Fall 2020
41930,Kamisama ni Natta Hi,Fall 2020
41951,Mukashi Keibanashi 2nd Season,Spring 2020
42090,Taeko no Nichijou 2nd Season,Summer 2020
42144,Jingju Mao Zhi Xinnian de Maoxian,Summer 2017
42145,Hulaing Babies Aratame: Staying Babies,Summer 2020
42146,Jingju Mao Zhi Cheng Feng Polang,Summer 2018
42179,Lalalacoco II,Summer 2020
42260,Ninja Collection,Summer 2020
42295,Fushigi Dagashiya: Zenitendou,Fall 2020
42391,Osomatsu-san 3rd Season,Fall 2020
42414,Eternity: Shinya no Nurekoi Channel ♡,Fall 2020
42468,Zhandou Wang Zhi Jufeng Zhan Hun 5,Fall 2018
42482,Seizei Ganbare! Mahou Shoujo Kurumi 3rd Season,Fall 2020
42514,Anime Kapibara-san,Fall 2020
42517,Ookami-san wa Taberaretai,Summer 2020
42571,Dogeza de Tanondemita,Fall 2020
42657,Himitsukessha Taka no Tsume: Golden Spell,Fall 2020
42668,Taisou Zamurai,Fall 2020
42714,Otona nya Koi no Shikata ga Wakaranee!,Fall 2020
42717,Kaeru no Pickles: Kimochi no Iro,Fall 2020
42740,Ji Jia Shou Shen Zhi Baolie Feiche,Spring 2016
42883,Sore dake ga Neck,Fall 2020
42979,Zhandou Wang Zhi Jufeng Zhan Hun 5: Heti Fanwai Pian,Winter 2020
42998,Awajishima no Shichifukujin,Fall 2020
43350,Gebäude Bäude,Fall 2020
43416,Kaoru no Taisetsu na Mono,Fall 2020
43611,Xin Hulu Xiongdi,Summer 2016
43684,Semi wa Magic Cube,Summer 2018
43729,Semi wa Magic Cube 2nd Season,Spring 2020
44148,Sai Er Hao Season 6: Cangqiong Liehuo,Winter 2016
44149,Sai Er Hao Season 7: Yuzhou Zhi Yan,Summer 2016
44151,Sai Er Hao Season 8: Huanmeng Zhan Ji,Winter 2017
48262,Sigan Yeohaengja Luke,Spring 2020
48263,Synostone,Spring 2019
48323,Zombie Dumb,Spring 2016
48326,Geo Mecha: Beast Guardian,Winter 2017
48332,Chuldong! Animal Rescue,Winter 2019
48333,Steel Fire Brigade Fire Robo,Summer 2016
48343,Catch! Tiniping,Spring 2020
48344,Taoleujima Beoseuteo,Winter 2017
48350,Bbasha Mecard,Spring 2019
48594,Pittanko!! Nekozakana (2020),Summer 2020
48762,Bbasha Mecard S,Fall 2019
49070,Geo Mecha: Captain Dino,Summer 2017
49071,Wonder Balls Season 2,Winter 2019
49326,Ma-eum-uisoli,Summer 2016
50997,Ma-eum-uisoli Season 2,Spring 2020
